1,Marie-ann,Willshee,mwillshee0@pbs.org,33416960359
2,Penny,Burgot,pburgot1@51.la,78220947749
3,Tania,Marriott,tmarriott2@google.co.uk,26414305342
4,Isadore,Feron,iferon3@china.com.cn,38698010930
5,Carver,Wimmers,cwimmers4@tmall.com,30583976986
6,Emelita,Lampett,elampett5@google.com,04525186566
7,Everett,McGarrahan,emcgarrahan6@vistaprint.com,25201152455
8,Case,Dimblebee,cdimblebee7@imdb.com,72160028036
9,Ilene,Canny,icanny8@hubpages.com,12448876807
10,Conan,Uzelli,cuzelli9@webnode.com,74229393867
11,Dulci,Thaw,dthawa@blogspot.com,81960496598
12,Pansy,McGairl,pmcgairlb@webmd.com,48277058214
13,Blakeley,Woodyeare,bwoodyearec@xrea.com,11004287854
14,Paquito,Raoul,praould@hatena.ne.jp,58367488162
15,Leigh,Goreway,lgorewaye@cdc.gov,83903262236
16,Christalle,Brumpton,cbrumptonf@alibaba.com,20170571936
17,Toma,Soares,tsoaresg@netlog.com,85111119715
18,Kaia,Robrow,krobrowh@adobe.com,64470577675
19,Cornelle,Tumasian,ctumasiani@linkedin.com,41369771392
20,Maureen,Alldre,malldrej@jigsy.com,83411420958
21,Rodrick,Heare,rhearek@ezinearticles.com,10717005328
22,Tracey,Mcwhinney,tmcwhinneyl@biblegateway.com,75962877528
23,Eolande,Palphreyman,epalphreymanm@cnn.com,87095319745
24,Annette,MacMillan,amacmillann@blogspot.com,69291896186
25,Gregorio,O'Hallagan,gohallagano@slate.com,64369250610
26,Tobye,Zotto,tzottop@webeden.co.uk,86561731718
27,Charmain,Sidwell,csidwellq@sakura.ne.jp,11287548327
28,Ambrosio,Jodlowski,ajodlowskir@chicagotribune.com,18141819561
29,Nerty,Franscioni,nfranscionis@moonfruit.com,95557989150
30,Kris,Shearman,kshearmant@elegantthemes.com,41968270775
31,Caitrin,Sparrowhawk,csparrowhawku@cloudflare.com,41374437800
32,Town,Gerrey,tgerreyv@ted.com,57805508543
33,Jeri,Clementet,jclementetw@feedburner.com,48442030544
34,Griffie,Vandrill,gvandrillx@multiply.com,36399240050
35,Cammy,Gladdis,cgladdisy@vistaprint.com,54597736884
36,Skylar,MacCafferty,smaccaffertyz@ucsd.edu,46689149135
37,Melva,Geeson,mgeeson10@tmall.com,86886257438
38,Christian,Osgerby,cosgerby11@chron.com,62806950374
39,Reamonn,Sorsby,rsorsby12@twitpic.com,19797674222
40,Kelley,Ewols,kewols13@mozilla.org,86358636946
41,Bronnie,Lamberth,blamberth14@answers.com,15470187177
42,Loria,Dogg,ldogg15@amazon.co.jp,84387340989
43,Rustie,Nerval,rnerval16@freewebs.com,18305716105
44,Gilly,Topham,gtopham17@flickr.com,06758985319
45,Willa,Rosenkranc,wrosenkranc18@un.org,72790792499
46,Alic,Brenston,abrenston19@techcrunch.com,20874937945
47,Anselm,Lipp,alipp1a@nps.gov,15511522459
48,Letta,Ziemke,lziemke1b@hexun.com,73369812796
49,Gare,Muddimer,gmuddimer1c@chicagotribune.com,83002926086
50,Linus,Fry,lfry1d@disqus.com,18070391074
51,Faye,Briddock,fbriddock1e@examiner.com,89781924167
52,Rorie,Klaaasen,rklaaasen1f@dropbox.com,15174464973
53,Husein,Verrechia,hverrechia1g@nifty.com,70371809540
54,Tulley,Belcham,tbelcham1h@google.fr,15322843506
55,Addison,Oxbrow,aoxbrow1i@google.cn,76084312834
56,Heloise,Kobsch,hkobsch1j@umn.edu,00886458157
57,Petunia,Eudall,peudall1k@youtube.com,28473632473
58,Nicolas,Suttaby,nsuttaby1l@wiley.com,81775910843
59,Julie,McLeary,jmcleary1m@skyrock.com,35737334587
60,Fiann,Threadgill,fthreadgill1n@ebay.com,18786436411
61,Rob,Sharpe,rsharpe1o@salon.com,17172772396
62,Ethelda,Barczynski,ebarczynski1p@economist.com,56048032802
63,Elene,Aldhous,ealdhous1q@wp.com,73556138606
64,Valida,Camden,vcamden1r@tuttocitta.it,12050603073
65,Annelise,Iacovuzzi,aiacovuzzi1s@timesonline.co.uk,34671637968
66,Crawford,Gabe,cgabe1t@cdbaby.com,00054829980
67,Ermengarde,Karlsen,ekarlsen1u@patch.com,47839220894
68,Roxana,Weavill,rweavill1v@sun.com,08722654026
69,Keefe,Eddis,keddis1w@mashable.com,99549155508
70,Lyda,Garlicke,lgarlicke1x@sun.com,98080872033
71,Therine,Bazely,tbazely1y@prweb.com,26121255887
72,Goran,Jaukovic,gjaukovic1z@webs.com,11607780536
73,Lilias,Noir,lnoir20@utexas.edu,79556899975
74,Creight,Wainman,cwainman21@quantcast.com,90611962237
75,Desi,Maso,dmaso22@narod.ru,90580575859
76,Tilly,Crannage,tcrannage23@yellowbook.com,68354571943
77,Roxie,Kraut,rkraut24@multiply.com,83244218734
78,Kelsey,Hember,khember25@google.ru,76532946629
79,Petrina,Nockells,pnockells26@is.gd,58473554777
80,Dara,Mushrow,dmushrow27@phpbb.com,09114803678
81,Sybilla,Fearn,sfearn28@foxnews.com,36614491193
82,Denyse,Barclay,dbarclay29@diigo.com,35281694089
83,Berty,Menendez,bmenendez2a@xrea.com,96545570398
84,Marigold,Rudge,mrudge2b@live.com,05322573005
85,Malia,Duddy,mduddy2c@geocities.jp,11434664187
86,Tomas,Cess,tcess2d@timesonline.co.uk,16341772621
87,Catlin,Vasser,cvasser2e@flavors.me,80782314502
88,Aggi,Peyto,apeyto2f@booking.com,27571390777
89,Ali,Hollow,ahollow2g@miitbeian.gov.cn,15531341163
90,Zared,Tattam,ztattam2h@ed.gov,45976394169
91,Pall,Yearsley,pyearsley2i@pinterest.com,98237935897
92,Mandi,Woakes,mwoakes2j@odnoklassniki.ru,12603658137
93,Melvin,Vonasek,mvonasek2k@mysql.com,35992582879
94,Trev,Breukelman,tbreukelman2l@mit.edu,54625139210
95,Lindie,Inge,linge2m@wix.com,99704275116
96,Gui,Rastall,grastall2n@google.cn,23450640038
97,Larina,Groome,lgroome2o@jigsy.com,20161935980
98,Chickie,Cann,ccann2p@home.pl,62819000634
99,Drew,Rain,drain2q@dagondesign.com,29929708354
100,Fan,Borell,fborell2r@tumblr.com,51894078422
101,Adriane,Straw,astraw2s@youtu.be,08568224840
102,Tuckie,Dearl,tdearl2t@wufoo.com,54817414655
103,Dorelle,Hostan,dhostan2u@nba.com,68122978926
104,Lyell,Peter,lpeter2v@google.com,79976309304
105,Manny,Cosgrive,mcosgrive2w@bloomberg.com,22076572908
106,Nicol,Crompton,ncrompton2x@51.la,28611417876
107,Leola,Bicknell,lbicknell2y@comcast.net,30389767229
108,Leroi,Babe,lbabe2z@flickr.com,80027268829
109,Andonis,Paling,apaling30@census.gov,86628847849
110,Lanae,Windeatt,lwindeatt31@com.com,03359640038
111,Katuscha,Chapling,kchapling32@eventbrite.com,60783321769
112,Lanie,Greenhaugh,lgreenhaugh33@simplemachines.org,11744176731
113,Amalee,Schindler,aschindler34@linkedin.com,91325403505
114,Gustie,Garrioch,ggarrioch35@lycos.com,11307668051
115,Garrick,Labuschagne,glabuschagne36@harvard.edu,47959127510
116,Iggy,Landsberg,ilandsberg37@princeton.edu,26310935257
117,Donnamarie,Crow,dcrow38@abc.net.au,03586097994
118,Daisi,Pavier,dpavier39@bbb.org,11339188421
119,Filippo,Iuorio,fiuorio3a@constantcontact.com,75084366118
120,Eden,Blade,eblade3b@alibaba.com,74760950279
121,Allissa,Pullen,apullen3c@wikispaces.com,43185942838
122,Vi,Pahler,vpahler3d@cnbc.com,13857533316
123,Zak,Oldam,zoldam3e@abc.net.au,41002006902
124,Elwira,Powelee,epowelee3f@chronoengine.com,59070182573
125,Clyve,Gavrielly,cgavrielly3g@mayoclinic.com,56150218596
126,Wendell,Southway,wsouthway3h@goo.gl,60396290919
127,Dore,Stang-Gjertsen,dstanggjertsen3i@amazon.com,15797772964
128,Carolee,Mourant,cmourant3j@delicious.com,91100955662
129,Roley,Fabbri,rfabbri3k@addtoany.com,28446225334
130,Jessamyn,Purseglove,jpurseglove3l@hostgator.com,84024319609
131,Deanne,Baudesson,dbaudesson3m@usgs.gov,91845089866
132,Bevon,Spearett,bspearett3n@skyrock.com,08280479527
133,Doti,Keiling,dkeiling3o@blogtalkradio.com,63460507593
134,Lula,Glandfield,lglandfield3p@npr.org,77318325613
135,Haskell,Filer,hfiler3q@spiegel.de,66000288645
136,Geraldine,Luisetti,gluisetti3r@ezinearticles.com,77553826958
137,Konrad,Quilkin,kquilkin3s@hugedomains.com,76980849087
138,Vernor,Corter,vcorter3t@bigcartel.com,44641118987
139,Mickie,Almeida,malmeida3u@list-manage.com,60903743057
140,Baily,Wyne,bwyne3v@ifeng.com,36047974038
141,Essie,Kristoffersson,ekristoffersson3w@baidu.com,81406207818
142,Chiquita,Tabrett,ctabrett3x@cnet.com,42059416630
143,Crissy,Stot,cstot3y@shop-pro.jp,11640951386
144,Rollin,De Dei,rdedei3z@ezinearticles.com,49403021876
145,Goraud,Chattaway,gchattaway40@addtoany.com,37463468917
146,Hildegarde,Joutapaitis,hjoutapaitis41@state.gov,15019150650
147,Ave,Choldcroft,acholdcroft42@jalbum.net,15009027213
148,Adora,Brocklesby,abrocklesby43@godaddy.com,87589326321
149,Margareta,Dunrige,mdunrige44@shop-pro.jp,55590894393
150,Ogdan,Capaldo,ocapaldo45@seattletimes.com,10321936887
151,Sergio,Tidridge,stidridge46@people.com.cn,38320245683
152,Nickey,Rucklesse,nrucklesse47@chron.com,40965976559
153,Marlena,Whyborn,mwhyborn48@dailymotion.com,03946379119
154,Bertha,Ruperto,bruperto49@imgur.com,13006365527
155,Berne,Walewski,bwalewski4a@mysql.com,01133222194
156,Renault,Nulty,rnulty4b@w3.org,78968947731
157,Cecilius,Deniske,cdeniske4c@purevolume.com,66704985669
158,Barbara-anne,Edgin,bedgin4d@studiopress.com,41201277036
159,Garnette,Hamshaw,ghamshaw4e@yahoo.com,91472633185
160,Adair,Kinnear,akinnear4f@boston.com,34305687412
161,Celine,Jaggar,cjaggar4g@wufoo.com,48424700356
162,Drona,Matteoni,dmatteoni4h@nhs.uk,90053480122
163,Dannie,Nassy,dnassy4i@unesco.org,21472780734
164,Noby,Eglinton,neglinton4j@usnews.com,72663008621
165,Gina,Vanin,gvanin4k@deviantart.com,46340025210
166,Leonard,Gilmore,lgilmore4l@senate.gov,20680657617
167,Waylen,Shotboulte,wshotboulte4m@squidoo.com,23451137700
168,Stern,Twiname,stwiname4n@sphinn.com,84335472318
169,Cyrus,Overlow,coverlow4o@macromedia.com,78800997932
170,Piggy,Pau,ppau4p@merriam-webster.com,37807520416
171,Geri,Mellings,gmellings4q@trellian.com,51496389181
172,Tabbitha,Barnshaw,tbarnshaw4r@irs.gov,51574555384
173,Katleen,Conibear,kconibear4s@sourceforge.net,26007064375
174,Corissa,Moodie,cmoodie4t@go.com,47489032141
175,Emyle,Wakefield,ewakefield4u@photobucket.com,77745753019
176,Car,Ringer,cringer4v@usda.gov,26328309961
177,Abbott,Schafer,aschafer4w@lulu.com,64697079195
178,Lizette,Foystone,lfoystone4x@wunderground.com,10883239806
179,Silvain,Preto,spreto4y@sphinn.com,70620860639
180,Erek,Lightwood,elightwood4z@nasa.gov,59705141037
181,Iggy,Sambrok,isambrok50@4shared.com,06839737052
182,Kendre,ducarme,kducarme51@ft.com,77924453545
183,Tristan,Joscelin,tjoscelin52@narod.ru,35394367322
184,Daffy,Guichard,dguichard53@fda.gov,62515624382
185,Berni,Twinbourne,btwinbourne54@vistaprint.com,70421048994
186,Adoree,Illwell,aillwell55@tripod.com,42358900065
187,Christy,Treweek,ctreweek56@sourceforge.net,36133911165
188,Velvet,Attack,vattack57@hostgator.com,47193198582
189,Legra,Thaxter,lthaxter58@msu.edu,56102616542
190,Glyn,Huburn,ghuburn59@ezinearticles.com,06937598563
191,Manny,Mair,mmair5a@webnode.com,05829692456
192,Salomo,Dyne,sdyne5b@goo.ne.jp,02115843261
193,Reidar,Robrose,rrobrose5c@is.gd,26988192576
194,Darbie,D'eye,ddeye5d@ft.com,57138463694
195,Sebastian,Carnalan,scarnalan5e@de.vu,40743605159
196,Lewiss,Kubach,lkubach5f@sfgate.com,53953729942
197,Ronalda,Boyfield,rboyfield5g@apple.com,79903851639
198,Daniela,Tripett,dtripett5h@wp.com,47478933694
199,Hedwiga,Riddock,hriddock5i@amazon.co.uk,46033230247
200,Danita,Boichat,dboichat5j@statcounter.com,07167014504
201,Andree,Woodwind,awoodwind5k@wp.com,10649049753
202,Reggis,Crates,rcrates5l@huffingtonpost.com,93038217498
203,Petronella,Lowden,plowden5m@ft.com,01628465941
204,Lamont,McLevie,lmclevie5n@soundcloud.com,59479329315
205,Baxie,Costellow,bcostellow5o@i2i.jp,36749343283
206,Dorolisa,Jamieson,djamieson5p@nifty.com,86481214515
207,Joshia,Samme,jsamme5q@macromedia.com,27256469622
208,Alidia,McTrustie,amctrustie5r@mashable.com,22811111967
209,Keefe,Blaine,kblaine5s@163.com,48148112606
210,Siegfried,Curnnokk,scurnnokk5t@desdev.cn,74284065549
211,Jessee,Rocca,jrocca5u@imgur.com,30887772313
212,Nettie,Kinchlea,nkinchlea5v@webeden.co.uk,42398093581
213,Maurita,Tavinor,mtavinor5w@trellian.com,59654451595
214,Belita,Sket,bsket5x@bbc.co.uk,42165218634
215,Gipsy,Vittel,gvittel5y@walmart.com,30409337477
216,Tatum,Howlings,thowlings5z@ebay.com,26049234315
217,Moise,Coniam,mconiam60@cbc.ca,10893894429
218,Angy,Gaize,agaize61@altervista.org,90674318545
219,Ema,Radish,eradish62@gmpg.org,89714784545
220,Colet,Bathoe,cbathoe63@storify.com,26911934975
221,Eugine,Putten,eputten64@networksolutions.com,79235647499
222,Rosamond,Marjoram,rmarjoram65@thetimes.co.uk,14964810407
223,Brittne,Wathey,bwathey66@statcounter.com,91712798855
224,Lexi,Gregoriou,lgregoriou67@twitter.com,87666668063
225,Peadar,Bowell,pbowell68@reverbnation.com,89189682908
226,Mariejeanne,Eltone,meltone69@youtube.com,77335972368
227,Barnebas,Reaveley,breaveley6a@printfriendly.com,76105280242
228,Hammad,Rudkin,hrudkin6b@livejournal.com,31320376609
229,Kati,Alti,kalti6c@china.com.cn,29949643226
230,Cordy,Pavis,cpavis6d@vkontakte.ru,26463289359
231,Saraann,Mazillius,smazillius6e@buzzfeed.com,53504489358
232,Gaye,Despenser,gdespenser6f@topsy.com,67440588563
233,Allene,Parzis,aparzis6g@angelfire.com,15579746899
234,Franky,Alcalde,falcalde6h@drupal.org,12253344149
235,Catharine,Cersey,ccersey6i@trellian.com,36274078477
236,Koo,Ruoss,kruoss6j@histats.com,75341753497
237,Davida,Abelovitz,dabelovitz6k@pen.io,21023310744
238,Luelle,Dudin,ldudin6l@phoca.cz,96016575457
239,Jillayne,Novichenko,jnovichenko6m@goodreads.com,99120591887
240,Bruno,Wooler,bwooler6n@goodreads.com,32776839976
241,Isidro,Badman,ibadman6o@tmall.com,38353729358
242,Roch,Jarret,rjarret6p@google.com.br,41560083822
243,Ilse,Brookfield,ibrookfield6q@wordpress.com,71079766204
244,Jaymee,Fenner,jfenner6r@constantcontact.com,33753240033
245,Nataniel,Gidman,ngidman6s@berkeley.edu,48448699332
246,Valerye,Duchatel,vduchatel6t@berkeley.edu,82499644293
247,Tremain,Stainton - Skinn,tstaintonskinn6u@hostgator.com,34320836067
248,Alexine,Paolucci,apaolucci6v@webmd.com,82881399314
249,Arch,Wasiel,awasiel6w@twitter.com,81990277401
250,Hetty,Fitzsimmons,hfitzsimmons6x@elegantthemes.com,58085547106
251,Skye,Crookshanks,scrookshanks6y@thetimes.co.uk,84324030299
252,Laryssa,Wylie,lwylie6z@ustream.tv,92498327083
253,Aurel,Masdin,amasdin70@ebay.com,87203293706
254,Kylie,Jarvis,kjarvis71@adobe.com,02609742646
255,Gerry,Lilie,glilie72@mtv.com,42504919471
256,Casey,Bondar,cbondar73@friendfeed.com,26171061176
257,Seumas,Josilowski,sjosilowski74@umn.edu,62289389187
258,Hurleigh,Ventom,hventom75@infoseek.co.jp,82920821542
259,Barny,Dalgety,bdalgety76@instagram.com,39094989447
260,Jamison,Exrol,jexrol77@vimeo.com,02146195385
261,Faun,Freake,ffreake78@google.com.hk,38923587462
262,Lev,Jelk,ljelk79@pagesperso-orange.fr,76100301362
263,Chrotoem,Duer,cduer7a@engadget.com,69313264711
264,Madelin,Forsbey,mforsbey7b@utexas.edu,45852379535
265,Crissie,Broke,cbroke7c@smugmug.com,46281914194
266,Bevin,Edser,bedser7d@yellowpages.com,21218768493
267,Noe,Meneyer,nmeneyer7e@harvard.edu,35886264697
268,Mollee,Tite,mtite7f@google.de,46884830063
269,Constance,Broady,cbroady7g@dailymail.co.uk,13916878657
270,Alayne,Englishby,aenglishby7h@arizona.edu,63482923720
271,Willie,Watts,wwatts7i@pen.io,35117644924
272,Neal,Todman,ntodman7j@imgur.com,30917430184
273,Paul,Portsmouth,pportsmouth7k@biglobe.ne.jp,08647748149
274,Marylou,Bambrick,mbambrick7l@ustream.tv,11562209883
275,Sondra,Bedell,sbedell7m@vinaora.com,54796398783
276,Janeta,Aldam,jaldam7n@java.com,02233313064
277,Sybil,Rushman,srushman7o@ustream.tv,38638427145
278,Kenny,Searson,ksearson7p@google.es,80711044800
279,Chery,Fanner,cfanner7q@tmall.com,11396578707
280,Howey,Hallahan,hhallahan7r@netvibes.com,74542511429
281,Maridel,Van Driel,mvandriel7s@forbes.com,57588306627
282,Trev,Riba,triba7t@xing.com,62934124512
283,Brinna,Clowley,bclowley7u@telegraph.co.uk,62478510925
284,Valentine,Whenman,vwhenman7v@google.com.hk,72460864050
285,Eugenio,Golland,egolland7w@miitbeian.gov.cn,86520443537
286,Walden,Bentzen,wbentzen7x@moonfruit.com,23662974987
287,Floris,Barabisch,fbarabisch7y@webmd.com,65612952545
288,Arlinda,Fydoe,afydoe7z@cnn.com,12984687452
289,Robby,Magog,rmagog80@arstechnica.com,49555167939
290,Freida,Vegas,fvegas81@bravesites.com,36720754508
291,Reilly,Uzielli,ruzielli82@cbslocal.com,51591078675
292,Delaney,Pigeram,dpigeram83@apple.com,93050951729
293,Ransell,MacEllen,rmacellen84@netscape.com,84461188657
294,Bobbi,McLeish,bmcleish85@ed.gov,74864619977
295,Loleta,L'argent,llargent86@springer.com,64926803826
296,Krissy,O'Lehane,kolehane87@washington.edu,10221215251
297,Sharia,Leyninye,sleyninye88@tinypic.com,01085824434
298,Jeanette,Kilby,jkilby89@disqus.com,11814636505
299,Leanor,Elnaugh,lelnaugh8a@xrea.com,72395179391
300,Jud,Fernandez,jfernandez8b@home.pl,72015482463
301,Josiah,Hendin,jhendin8c@marketwatch.com,38655922939
302,Dodi,Rickis,drickis8d@google.com.au,76949972381
303,Friedrick,Foulds,ffoulds8e@ow.ly,71984838554
304,Charlena,Fritter,cfritter8f@vk.com,34824526726
305,Mehetabel,Glavis,mglavis8g@deliciousdays.com,76774816379
306,Dorena,Liggett,dliggett8h@vimeo.com,04979913959
307,Luigi,Prickett,lprickett8i@issuu.com,58308933013
308,Haskel,Claussen,hclaussen8j@dyndns.org,21446115255
309,Agathe,Exroll,aexroll8k@t-online.de,99307508142
310,Bearnard,Blazej,bblazej8l@go.com,05942296153
311,Harrie,Fussell,hfussell8m@google.com,55649766617
312,Temp,Cockayne,tcockayne8n@surveymonkey.com,45412338317
313,Brande,Bendle,bbendle8o@dedecms.com,48895060328
314,Cyndy,Grabban,cgrabban8p@t.co,33537403440
315,Chev,Lapenna,clapenna8q@xing.com,84433701879
316,Estevan,Gowen,egowen8r@usnews.com,04805007851
317,Saunderson,Portwaine,sportwaine8s@fotki.com,13075125693
318,Tomas,Jewett,tjewett8t@bloomberg.com,52735177340
319,Cy,Amburgy,camburgy8u@chronoengine.com,92336153521
320,Maryjane,Kellard,mkellard8v@163.com,04888358247
321,Ashlin,Von Helmholtz,avonhelmholtz8w@google.com,23752784717
322,Saundra,Shenton,sshenton8x@kickstarter.com,57052258714
323,Jayne,Fairey,jfairey8y@facebook.com,53210235425
324,Gillie,Sicely,gsicely8z@usa.gov,19436845432
325,Elka,Schroter,eschroter90@hibu.com,62797581253
326,Tabbi,Brunnen,tbrunnen91@msu.edu,29269545695
327,Xerxes,Dimmack,xdimmack92@miitbeian.gov.cn,72359091444
328,Gallard,Dowzell,gdowzell93@jiathis.com,45962771294
329,Marijn,Seamon,mseamon94@linkedin.com,16861827167
330,Gennie,Stebbings,gstebbings95@princeton.edu,27192046932
331,Palm,Lesper,plesper96@tinyurl.com,65472945707
332,Keen,Scurrell,kscurrell97@washington.edu,40209380477
333,Gordan,Haffard,ghaffard98@bing.com,88408611991
334,Rod,Tweddle,rtweddle99@telegraph.co.uk,92244891527
335,Toby,MacMaykin,tmacmaykin9a@yahoo.co.jp,77066912181
336,Tirrell,Serjeant,tserjeant9b@xing.com,11621087771
337,Nelle,Simonel,nsimonel9c@wordpress.org,83302020601
338,Gaylord,Presley,gpresley9d@ning.com,95584357031
339,Bernita,Harman,bharman9e@youtube.com,81794020499
340,Swen,Methley,smethley9f@businesswire.com,42012760033
341,Cullie,Heatherington,cheatherington9g@ocn.ne.jp,94493869875
342,Latashia,Marzelli,lmarzelli9h@vk.com,62618337663
343,Krysta,Candie,kcandie9i@dropbox.com,29284232154
344,Charity,Blyth,cblyth9j@ucoz.com,60404978982
345,Nana,Morrallee,nmorrallee9k@wiley.com,52411585014
346,Eleanor,Alsford,ealsford9l@indiegogo.com,40326121795
347,Rafaelita,Zamudio,rzamudio9m@dailymotion.com,72966530964
348,Phelia,Pettecrew,ppettecrew9n@jimdo.com,42362952103
349,Irwin,Boissier,iboissier9o@pcworld.com,63779221980
350,Aurea,Kobiela,akobiela9p@webeden.co.uk,41435602399
351,Cesaro,Clawson,cclawson9q@google.ru,79782226518
352,Laurella,Tyreman,ltyreman9r@free.fr,51041792835
353,Shirlee,Rowlatt,srowlatt9s@reddit.com,90649834665
354,Woodrow,Bullcock,wbullcock9t@eventbrite.com,77885981765
355,Hall,Le Houx,hlehoux9u@toplist.cz,41989733786
356,Maxim,Penhearow,mpenhearow9v@nyu.edu,01732698308
357,Sydel,Comini,scomini9w@dailymotion.com,80197376367
358,Witty,Osgarby,wosgarby9x@shareasale.com,89801766391
359,Kassi,Treven,ktreven9y@csmonitor.com,38276109801
360,Aristotle,Connochie,aconnochie9z@chronoengine.com,47549353692
361,Briant,Whettleton,bwhettletona0@spotify.com,87766987516
362,Ailis,Tumini,atuminia1@exblog.jp,46911174360
363,Athena,Whitsun,awhitsuna2@nih.gov,12022433027
364,Yorker,Trevino,ytrevinoa3@github.io,00049611050
365,Laurene,enzley,lenzleya4@zimbio.com,64866957941
366,Kliment,Tolomelli,ktolomellia5@desdev.cn,42003526039
367,Wally,Verdie,wverdiea6@hexun.com,76510631466
368,Janette,Nelhams,jnelhamsa7@abc.net.au,37929461154
369,Rubia,Gilloran,rgillorana8@multiply.com,23820217353
370,Blinni,Boydle,bboydlea9@bloomberg.com,93897673206
371,Rolfe,Burhill,rburhillaa@studiopress.com,74591519304
372,Olin,Sabine,osabineab@yolasite.com,82683850065
373,Mic,Rosenthal,mrosenthalac@bing.com,83335991686
374,Karlens,Meader,kmeaderad@slideshare.net,12850667002
375,Minni,Moakes,mmoakesae@earthlink.net,39663335434
376,Hollie,Fortesquieu,hfortesquieuaf@deliciousdays.com,98839343845
377,Olivette,Soame,osoameag@google.co.jp,61343027174
378,Inga,Dorwood,idorwoodah@amazon.de,61051025613
379,Vinnie,Raymont,vraymontai@epa.gov,92828778709
380,Walden,Ghiriardelli,wghiriardelliaj@amazon.co.jp,55468034860
381,Bartholemy,Welsby,bwelsbyak@scientificamerican.com,93472756299
382,Innis,Kenvin,ikenvinal@cyberchimps.com,88668072897
383,Nertie,Winsor,nwinsoram@surveymonkey.com,40185677175
384,Jervis,Ogley,jogleyan@e-recht24.de,08291820834
385,Selle,Thomasson,sthomassonao@hibu.com,17650662347
386,Jaine,Sifleet,jsifleetap@reference.com,96315702202
387,Gail,Sire,gsireaq@ca.gov,44392334568
388,Bale,Gligorijevic,bgligorijevicar@paginegialle.it,40985674560
389,Aida,Danielkiewicz,adanielkiewiczas@nyu.edu,27174588063
390,Keith,Haw,khawat@cisco.com,11642869156
391,Clarinda,McLese,cmcleseau@gmpg.org,10398726445
392,Emlen,Binnell,ebinnellav@wunderground.com,40228315898
393,Riki,Grute,rgruteaw@vistaprint.com,54743849233
394,Jessy,Lorence,jlorenceax@goo.gl,50428583662
395,Alphonse,MacKnocker,amacknockeray@reverbnation.com,71899303437
396,Gil,Goodread,ggoodreadaz@jigsy.com,08039123228
397,Nannie,Billing,nbillingb0@about.me,23693483081
398,Silvan,Clissett,sclissettb1@livejournal.com,27432770292
399,Eddie,Carter,ecarterb2@123-reg.co.uk,35688306126
400,Theo,Anthonies,tanthoniesb3@creativecommons.org,08204582303
401,Hugo,Raffin,hraffinb4@fotki.com,20053802616
402,Nikaniki,Binner,nbinnerb5@europa.eu,11486304935
403,Marys,Levy,mlevyb6@omniture.com,13284041059
404,Bard,Lind,blindb7@baidu.com,55310540654
405,Krystal,Milbourne,kmilbourneb8@photobucket.com,14832499612
406,Felice,Mark,fmarkb9@quantcast.com,01226178161
407,Zechariah,Bladon,zbladonba@hexun.com,74456598113
408,Winfred,Ginity,wginitybb@printfriendly.com,79302506731
409,Erhard,Pilcher,epilcherbc@epa.gov,51359054281
410,Giralda,Vivash,gvivashbd@w3.org,24516892704
411,Sauncho,Corballis,scorballisbe@drupal.org,82491437313
412,Wald,Borless,wborlessbf@engadget.com,59066593168
413,Moss,Younghusband,myounghusbandbg@geocities.com,69436626466
414,Maddy,Gaye,mgayebh@foxnews.com,43538929897
415,Nonnah,Lomasney,nlomasneybi@ustream.tv,93589846731
416,Tailor,Ablett,tablettbj@miitbeian.gov.cn,29575106909
417,Jannelle,Cockland,jcocklandbk@slashdot.org,81411520137
418,Sigismond,Boothby,sboothbybl@state.tx.us,86586983892
419,Neel,Barker,nbarkerbm@pcworld.com,07537638746
420,Kayla,Petteford,kpettefordbn@economist.com,16636372318
421,Rayna,Youhill,ryouhillbo@g.co,86807063656
422,Arvie,Ianni,aiannibp@fc2.com,58182833035
423,Barry,Koeppe,bkoeppebq@cargocollective.com,93435018871
424,Pearline,O'Criane,pocrianebr@canalblog.com,16546750576
425,Wilek,Gunny,wgunnybs@webs.com,20280401457
426,Sue,Bowen,sbowenbt@wufoo.com,19438231092
427,Vladimir,Macrow,vmacrowbu@google.com.hk,53030400490
428,Kellsie,Soppitt,ksoppittbv@uol.com.br,83837471436
429,Nichole,Kersting,nkerstingbw@slate.com,18181279421
430,Bailey,Spat,bspatbx@symantec.com,58010732797
431,Lindsay,Phibb,lphibbby@webmd.com,68676000838
432,Mauricio,Iwanicki,miwanickibz@theatlantic.com,75145779120
433,Ariel,Walsh,awalshc0@nationalgeographic.com,93803963700
434,Olag,Flageul,oflageulc1@blogs.com,69900882483
435,Bibbye,Forsard,bforsardc2@acquirethisname.com,09934822981
436,Salim,Kanzler,skanzlerc3@usda.gov,01934365742
437,Debbi,Lidgley,dlidgleyc4@squarespace.com,42351392996
438,Sigismondo,Teggart,steggartc5@europa.eu,98493808032
439,Kalie,Crone,kcronec6@unc.edu,31124513837
440,Cherice,McBlain,cmcblainc7@stanford.edu,68590846433
441,Starr,Kinch,skinchc8@eepurl.com,30727746944
442,Stephani,Dunridge,sdunridgec9@cafepress.com,48103802314
443,Andrej,Eyeington,aeyeingtonca@simplemachines.org,90615533502
444,Layla,Hambidge,lhambidgecb@photobucket.com,20557386647
445,Heall,Callister,hcallistercc@spiegel.de,76891147352
446,Freeland,Elbourne,felbournecd@yelp.com,43297120690
447,Naomi,Benzi,nbenzice@dropbox.com,59245892409
448,Lauretta,Seydlitz,lseydlitzcf@reuters.com,55681102103
449,Tarra,Abden,tabdencg@apache.org,52660131839
450,Daniella,Wetherby,dwetherbych@histats.com,68585300499
451,Godart,Ridulfo,gridulfoci@booking.com,96844209362
452,Obidiah,Tyhurst,otyhurstcj@github.io,10976435635
453,Ambrosi,Beadham,abeadhamck@yahoo.co.jp,58647474113
454,Doralynn,Samwell,dsamwellcl@bandcamp.com,71918790589
455,Craggie,Richly,crichlycm@columbia.edu,14070307405
456,Edwin,Adanet,eadanetcn@wiley.com,02772818682
457,Revkah,McConaghy,rmcconaghyco@people.com.cn,19006820930
458,Ervin,Kilfedder,ekilfeddercp@harvard.edu,97745810155
459,Tyrus,Simonite,tsimonitecq@bing.com,60379970969
460,Jaynell,Philpault,jphilpaultcr@webs.com,85388696065
461,Nickolaus,Phillipps,nphillippscs@globo.com,70309947290
462,Austen,Chater,achaterct@fda.gov,75687833604
463,Alaster,Hawksley,ahawksleycu@si.edu,14661491871
464,Kerwinn,Shear,kshearcv@cdc.gov,75896827425
465,Jada,Abbatucci,jabbatuccicw@china.com.cn,66542291363
466,Happy,MacKenny,hmackennycx@zimbio.com,25131171649
467,Carlyle,O' Bee,cobeecy@xrea.com,81145701737
468,Catrina,Chilley,cchilleycz@cpanel.net,68733150508
469,Bibi,Balsellie,bbalsellied0@hc360.com,04614650171
470,Morton,Midlar,mmidlard1@mac.com,37868869685
471,Debor,Hammant,dhammantd2@loc.gov,25767260481
472,Dorie,Kensy,dkensyd3@apple.com,93210760543
473,Happy,Geerits,hgeeritsd4@amazon.co.uk,51121845279
474,Roderic,Marages,rmaragesd5@multiply.com,16235780933
475,Ole,Karus,okarusd6@sbwire.com,10677058071
476,Faun,Vost,fvostd7@geocities.com,53136166371
477,Batholomew,Fullbrook,bfullbrookd8@purevolume.com,40178460857
478,Terrel,Antczak,tantczakd9@nih.gov,90169084870
479,Loraine,Godin,lgodinda@forbes.com,55129236200
480,Clement,Tasch,ctaschdb@scribd.com,22313142430
481,Velma,Tarling,vtarlingdc@liveinternet.ru,99357174670
482,Jodie,Summerhayes,jsummerhayesdd@domainmarket.com,05321636558
483,Liana,Kerman,lkermande@sogou.com,13199754981
484,Ramonda,Radish,rradishdf@clickbank.net,62343903464
485,Callida,Knightly,cknightlydg@dell.com,71927279676
486,Roshelle,Geary,rgearydh@google.ru,09958044063
487,Giulio,Golborn,ggolborndi@reference.com,42592457845
488,Charil,Ditty,cdittydj@pinterest.com,58998028710
489,Sherrie,Barnet,sbarnetdk@cbc.ca,54692400006
490,Ellette,Comolli,ecomollidl@amazon.de,37480773980
491,Emelita,Curness,ecurnessdm@w3.org,44422089424
492,Pippa,Davley,pdavleydn@independent.co.uk,84234414279
493,Haroun,Conman,hconmando@storify.com,81165798560
494,Baillie,Aucock,baucockdp@delicious.com,35401400954
495,Hervey,Deekes,hdeekesdq@slideshare.net,68328506947
496,Pall,Kirckman,pkirckmandr@baidu.com,07988145086
497,Harley,Nisard,hnisardds@paypal.com,66591667091
498,Steffie,Hempshall,shempshalldt@nydailynews.com,66615384178
499,Bellanca,Papps,bpappsdu@boston.com,84023567266
500,Carolus,Terbruggen,cterbruggendv@comsenz.com,44757297747
501,Abdul,Kinny,akinnydw@sohu.com,84970979062
502,Mychal,Creaser,mcreaserdx@state.tx.us,78835998693
503,Marrissa,Hunday,mhundaydy@techcrunch.com,15424947752
504,Gilbertine,Sturrock,gsturrockdz@lulu.com,06453157743
505,Hayward,Hillatt,hhillatte0@pinterest.com,33780285131
506,Nancie,Wildgoose,nwildgoosee1@yellowpages.com,16928171447
507,Shurwood,Gapp,sgappe2@parallels.com,80611127777
508,Aubree,O'Dougherty,aodoughertye3@parallels.com,52051544969
509,Tricia,Huonic,thuonice4@icio.us,06356248693
510,Idalina,Tizard,itizarde5@hibu.com,71520712088
511,Kirk,Cardis,kcardise6@wikia.com,02196711174
512,Dyann,Boays,dboayse7@w3.org,80490214683
513,Hope,Moden,hmodene8@cbsnews.com,21497218918
514,Rodge,Oldershaw,roldershawe9@1688.com,00500188783
515,Rozanne,Bernth,rbernthea@tripadvisor.com,70853401523
516,Gilles,Landrieu,glandrieueb@thetimes.co.uk,92469619579
517,Garrek,Enderwick,genderwickec@ocn.ne.jp,68542905785
518,Tallie,Signore,tsignoreed@chron.com,97567976684
519,Donnamarie,Doe,ddoeee@51.la,86006897599
520,Thalia,Gors,tgorsef@nature.com,76959224080
521,Xena,Rattery,xratteryeg@netvibes.com,47259931500
522,Josiah,Hovey,jhoveyeh@booking.com,10099477065
523,Mattie,Beurich,mbeurichei@weather.com,15570781547
524,Edik,Vanyutin,evanyutinej@noaa.gov,56246050218
525,Lotti,Dummigan,ldummiganek@prweb.com,57009674281
526,Ursuline,Syphas,usyphasel@boston.com,14171421988
527,Brose,Pillans,bpillansem@weather.com,55053991545
528,Rozelle,Winchurst,rwinchursten@vkontakte.ru,26714765445
529,Bree,Grunson,bgrunsoneo@unblog.fr,10769414058
530,Camey,Rudwell,crudwellep@aboutads.info,61330891044
531,Rebbecca,Camsey,rcamseyeq@google.it,97655640344
532,Damian,Bushill,dbushiller@wordpress.org,10569323370
533,Bryan,Rozenbaum,brozenbaumes@phoca.cz,23546987499
534,Ilsa,Petrelli,ipetrelliet@feedburner.com,83761727514
535,Yehudit,Gregorio,ygregorioeu@cocolog-nifty.com,11792238346
536,Sanders,Calltone,scalltoneev@tumblr.com,31869086508
537,Ermengarde,Swanborrow,eswanborrowew@cbslocal.com,59518473733
538,Jenna,Scottrell,jscottrellex@cisco.com,57976872408
539,Sashenka,Cordaroy,scordaroyey@amazon.com,16442904483
540,Sylvan,Yanshinov,syanshinovez@addthis.com,34940995994
541,Adeline,Norrington,anorringtonf0@google.pl,13931321845
542,Linea,Brixey,lbrixeyf1@e-recht24.de,79302952441
543,Else,Alibone,ealibonef2@wiley.com,95593424496
544,Ira,Cotman,icotmanf3@ycombinator.com,10047310186
545,Doretta,Tinklin,dtinklinf4@theguardian.com,67129401399
546,Kevyn,Bonsall,kbonsallf5@hexun.com,33804408084
547,Carlee,Curzey,ccurzeyf6@virginia.edu,24541606841
548,Jorey,Toyne,jtoynef7@census.gov,45215331117
549,Clyve,Forestel,cforestelf8@examiner.com,23997122183
550,Luca,Nornasell,lnornasellf9@narod.ru,97576361946
551,Colby,Moxted,cmoxtedfa@hibu.com,24237712896
552,Blondelle,Browncey,bbrownceyfb@tmall.com,79839708138
553,Zorine,Coniam,zconiamfc@studiopress.com,90699906188
554,Joanne,Fishpool,jfishpoolfd@skyrock.com,09917848568
555,Adham,Topling,atoplingfe@tumblr.com,16287357566
556,Sisely,Abbett,sabbettff@mlb.com,17942994912
557,Arnaldo,Herries,aherriesfg@sciencedirect.com,00545337215
558,Amandi,Bosch,aboschfh@flavors.me,55852592675
559,Lira,Gobel,lgobelfi@lulu.com,75939374448
560,Ephraim,Wooder,ewooderfj@forbes.com,18865157385
561,Mercy,Bakey,mbakeyfk@symantec.com,34433507992
562,Dora,Steggals,dsteggalsfl@patch.com,80186752258
563,Mead,Roelofsen,mroelofsenfm@boston.com,79306407552
564,Tilda,Huygens,thuygensfn@cnbc.com,94524023063
565,Sylvan,Mayo,smayofo@stumbleupon.com,64540995080
566,Sarita,Yakunikov,syakunikovfp@ox.ac.uk,81074173112
567,Phedra,Bader,pbaderfq@youku.com,98750930538
568,Adler,Melburg,amelburgfr@pcworld.com,30440294963
569,Frannie,Fairbourne,ffairbournefs@squarespace.com,57096634060
570,Chip,Mawditt,cmawdittft@sciencedaily.com,19595512899
571,Chariot,Brearton,cbreartonfu@hibu.com,74231849121
572,Patrizio,Maraga,pmaragafv@creativecommons.org,79165553725
573,Alaster,Haseman,ahasemanfw@ox.ac.uk,68083357996
574,Alejoa,Bance,abancefx@narod.ru,13008465343
575,Darrell,McLise,dmclisefy@ca.gov,39242664592
576,Herc,Allderidge,hallderidgefz@homestead.com,01844685767
577,Eryn,Tuckwood,etuckwoodg0@blogtalkradio.com,06743121206
578,Vicki,Dutson,vdutsong1@cam.ac.uk,78537669948
579,Blake,Foley,bfoleyg2@themeforest.net,58286957377
580,Marget,Hutchin,mhutching3@hud.gov,45059046157
581,Sibylla,Timblett,stimblettg4@typepad.com,10353245114
582,Rivkah,Swaisland,rswaislandg5@godaddy.com,74133482801
583,Lorilee,Pochet,lpochetg6@topsy.com,33928666284
584,Clementia,Senogles,csenoglesg7@weibo.com,62208407065
585,Sebastiano,Pendrey,spendreyg8@vistaprint.com,58260737655
586,Arda,Corless,acorlessg9@ycombinator.com,45170465417
587,Ag,Staries,astariesga@over-blog.com,47087972550
588,Haslett,Sherman,hshermangb@printfriendly.com,24697634706
589,Angel,Bartolommeo,abartolommeogc@cnn.com,72947769421
590,Kissiah,Dutton,kduttongd@ow.ly,57486113570
591,Helge,Spender,hspenderge@eepurl.com,11886107389
592,Bendicty,Millions,bmillionsgf@yellowpages.com,76786905569
593,Mollie,MacAfee,mmacafeegg@photobucket.com,89594351010
594,Joleen,Cuerdall,jcuerdallgh@chronoengine.com,06551407306
595,Shaylah,Huncoot,shuncootgi@digg.com,60268422624
596,Anjela,Bunhill,abunhillgj@gnu.org,24018265316
597,Walsh,Teers,wteersgk@squarespace.com,59006052052
598,Zacharia,Skill,zskillgl@simplemachines.org,14594083983
599,Crista,Turvey,cturveygm@techcrunch.com,72367761513
600,Winny,Kellert,wkellertgn@domainmarket.com,93979731911
601,Sholom,Atrill,satrillgo@hubpages.com,16204215767
602,Eda,Hadcroft,ehadcroftgp@facebook.com,39070917341
603,Fina,Regis,fregisgq@vkontakte.ru,45009820182
604,Yettie,Kik,ykikgr@google.cn,79102789380
605,Justinian,Lowater,jlowatergs@comcast.net,83245319359
606,Rodolfo,Playden,rplaydengt@noaa.gov,26069973654
607,Fancy,Staresmeare,fstaresmearegu@lycos.com,45461941431
608,Meyer,Piotrkowski,mpiotrkowskigv@slashdot.org,26858233803
609,Nickolas,Heffernan,nheffernangw@homestead.com,62829086300
610,Timoteo,Churchward,tchurchwardgx@auda.org.au,18278133999
611,Zachary,Shave,zshavegy@berkeley.edu,94951309425
612,Helene,Efford,heffordgz@ovh.net,35619019727
613,Rurik,Ferrieroi,rferrieroih0@xinhuanet.com,23338521655
614,Sosanna,Gleadhall,sgleadhallh1@ustream.tv,19239009466
615,Tuesday,Wraighte,twraighteh2@marketwatch.com,30201779919
616,Kippy,McWilliam,kmcwilliamh3@lulu.com,22708286535
617,Luce,Beadman,lbeadmanh4@xrea.com,38023854662
618,Frayda,Fennick,ffennickh5@weather.com,68500101649
619,Rollo,Mooring,rmooringh6@ucsd.edu,60058668638
620,Inger,Abade,iabadeh7@studiopress.com,23275829387
621,Salim,Steinor,ssteinorh8@surveymonkey.com,37320690328
622,Terencio,Pochin,tpochinh9@twitter.com,97588289119
623,Jobie,Nerger,jnergerha@irs.gov,40291626847
624,Liesa,Spick,lspickhb@unicef.org,02365389507
625,Cybill,Grimley,cgrimleyhc@bloomberg.com,61293133376
626,Kimberlee,Paish,kpaishhd@usda.gov,55544225339
627,Mead,MacKellar,mmackellarhe@jigsy.com,29982070591
628,Tabbie,Mellers,tmellershf@hubpages.com,37567609309
629,Ange,Cumbridge,acumbridgehg@newyorker.com,04279268431
630,Maudie,Farre,mfarrehh@bigcartel.com,29929419673
631,Shannah,Demke,sdemkehi@vimeo.com,43494149997
632,Gisella,Atterbury,gatterburyhj@elegantthemes.com,05303267355
633,Valma,Pichmann,vpichmannhk@icio.us,97745238816
634,Gerhard,Kleiner,gkleinerhl@imgur.com,57643220260
635,Maiga,Bealton,mbealtonhm@hugedomains.com,53561153161
636,Sue,Daye,sdayehn@netvibes.com,46018753923
637,Remus,Walsh,rwalshho@yellowpages.com,34521416054
638,Udall,Wasselin,uwasselinhp@soundcloud.com,55727138356
639,Zane,Hartzenberg,zhartzenberghq@tumblr.com,56843582325
640,Barrie,Wigsell,bwigsellhr@omniture.com,27559702346
641,Court,Pyecroft,cpyecrofths@apache.org,83283239712
642,Becca,Bolt,bboltht@mayoclinic.com,24826708263
643,Fancie,Atthow,fatthowhu@wix.com,05359478280
644,Korrie,Remnant,kremnanthv@unicef.org,56863077176
645,Lanna,Collens,lcollenshw@sbwire.com,83420913732
646,Erich,Yendall,eyendallhx@mlb.com,28995234172
647,Stacee,Kimpton,skimptonhy@cornell.edu,57126732667
648,Annette,Bampford,abampfordhz@cnbc.com,39632277510
649,Leslie,Gerrie,lgerriei0@yolasite.com,91908058265
650,Lulita,Burth,lburthi1@google.com.br,67550432847
651,Ardyth,Abbiss,aabbissi2@hibu.com,37615385068
652,Antonius,Pitrollo,apitrolloi3@spotify.com,01887639283
653,Vail,Phittiplace,vphittiplacei4@dailymotion.com,24522603126
654,Aluino,Wardrop,awardropi5@csmonitor.com,94267980075
655,Lorilyn,Douglas,ldouglasi6@pbs.org,69917922049
656,Chrotoem,Mattedi,cmattedii7@state.tx.us,60782459754
657,Cornelius,Earley,cearleyi8@umich.edu,98365036639
658,Cam,Bernard,cbernardi9@nasa.gov,38974485524
659,Herculie,Carville,hcarvilleia@vistaprint.com,26700468167
660,Megan,Dougher,mdougherib@flickr.com,44133753920
661,Roxana,Dragonette,rdragonetteic@ucoz.ru,05808981366
662,Florella,Eymor,feymorid@intel.com,35404034639
663,Nikki,Kemmer,nkemmerie@slideshare.net,52576113187
664,Nial,Lichtfoth,nlichtfothif@ibm.com,12331464105
665,Dusty,Maidment,dmaidmentig@canalblog.com,76428049343
666,Iago,Jupe,ijupeih@msu.edu,10483702899
667,Kanya,Salmond,ksalmondii@fastcompany.com,53471916267
668,Nata,Goodfellowe,ngoodfelloweij@last.fm,38493261285
669,Adrien,Skough,askoughik@kickstarter.com,72432324754
670,Celinda,Roncelli,croncelliil@ibm.com,46965943629
671,Irwinn,Amott,iamottim@printfriendly.com,91395067656
672,Tonia,Tapton,ttaptonin@economist.com,98172266312
673,Hyacinthie,Spondley,hspondleyio@fc2.com,72884148687
674,Rycca,Bergeon,rbergeonip@dropbox.com,40145740597
675,Gretchen,Ventom,gventomiq@bloomberg.com,78023073661
676,Vivian,Wildgoose,vwildgooseir@goo.gl,01294487828
677,Elle,Mille,emilleis@hc360.com,57861042728
678,Britt,Paulusch,bpauluschit@dailymotion.com,20486018273
679,Bamby,Kiddy,bkiddyiu@tumblr.com,53890410447
680,Nanon,Glaister,nglaisteriv@nature.com,94777177011
681,Graham,Muddimer,gmuddimeriw@howstuffworks.com,74667910840
682,Jordanna,Emmott,jemmottix@europa.eu,61169646489
683,Tann,Regelous,tregelousiy@goo.gl,40302640083
684,Abby,Groom,agroomiz@nationalgeographic.com,44552512065
685,Gail,Greydon,ggreydonj0@blinklist.com,41392435303
686,Hunfredo,Wallman,hwallmanj1@mlb.com,01860862302
687,Marcelline,Penley,mpenleyj2@goo.ne.jp,08864876951
688,Derrick,Bartoloma,dbartolomaj3@mapy.cz,67074550976
689,Karel,Ansty,kanstyj4@sciencedirect.com,58814980523
690,Yanaton,Mattis,ymattisj5@auda.org.au,09736130019
691,Wallie,Aspinal,waspinalj6@pagesperso-orange.fr,84637456740
692,Archy,Luggar,aluggarj7@wordpress.org,01415219042
693,Layla,Kaye,lkayej8@youtube.com,01136767115
694,Reeva,Zecchetti,rzecchettij9@usda.gov,97781730364
695,Ewart,Looker,elookerja@list-manage.com,64259804331
696,Gwynne,Prydden,gpryddenjb@elegantthemes.com,56452021752
697,Modesta,Klimkovich,mklimkovichjc@rakuten.co.jp,88563681760
698,Arnold,Gemmell,agemmelljd@bloglines.com,26935411322
699,Kane,Janku,kjankuje@washington.edu,99407463204
700,Dinah,Chambers,dchambersjf@about.me,59550430706
701,Maegan,Pullen,mpullenjg@sina.com.cn,86930145603
702,Adair,Bracknall,abracknalljh@google.com.au,92334023581
703,Benedikt,Warbys,bwarbysji@nasa.gov,18626551707
704,Sibby,Maughan,smaughanjj@parallels.com,51735898344
705,Georg,Biermatowicz,gbiermatowiczjk@disqus.com,78749823561
706,Rona,Tonna,rtonnajl@stumbleupon.com,50085709710
707,Haven,Hanhart,hhanhartjm@sciencedirect.com,42745828964
708,Desmond,O'Breen,dobreenjn@washington.edu,37825280295
709,Felice,Gadault,fgadaultjo@wordpress.com,89888688357
710,Jannel,Mallock,jmallockjp@columbia.edu,44192037081
711,Tami,Cockings,tcockingsjq@wp.com,16484565448
712,Maryjane,Gillise,mgillisejr@msn.com,40528541420
713,Benedikta,Piggen,bpiggenjs@dropbox.com,34191817101
714,Rosina,Blumsom,rblumsomjt@soundcloud.com,64379026537
715,Bayard,Davenhall,bdavenhallju@goodreads.com,25848580928
716,Randolph,Bascomb,rbascombjv@plala.or.jp,35502492653
717,Idelle,Woltering,iwolteringjw@mayoclinic.com,11361699783
718,Mahmud,Vaughan,mvaughanjx@nytimes.com,71018764934
719,Thekla,Henfre,thenfrejy@bloomberg.com,70319009094
720,Phil,Camellini,pcamellinijz@noaa.gov,34245318470
721,Benoit,Slader,bsladerk0@youtu.be,69164481483
722,Michele,Smoughton,msmoughtonk1@thetimes.co.uk,55855700028
723,Hunfredo,Tipple,htipplek2@yelp.com,84221730450
724,Wendye,Tukesby,wtukesbyk3@oracle.com,45805421481
725,Pat,Kernell,pkernellk4@fastcompany.com,46041258744
726,Aleksandr,Sayton,asaytonk5@umn.edu,90177529039
727,Allistir,Titchmarsh,atitchmarshk6@newyorker.com,43194645248
728,Oren,Matushevitz,omatushevitzk7@mayoclinic.com,98427199196
729,Otho,Antonio,oantoniok8@google.ru,98651825560
730,Kristo,Bosward,kboswardk9@freewebs.com,62654123120
731,Emilie,Bartunek,ebartunekka@qq.com,53709680181
732,Glenn,Bake,gbakekb@abc.net.au,77579686403
733,Salem,Hiddersley,shiddersleykc@cbsnews.com,42045300777
734,Shelby,Drescher,sdrescherkd@buzzfeed.com,79234322518
735,Sallyanne,Wiggans,swigganske@joomla.org,24237978934
736,Stu,Devote,sdevotekf@vkontakte.ru,03868203480
737,Velma,Tongue,vtonguekg@plala.or.jp,16602253928
738,Kearney,Speechley,kspeechleykh@geocities.com,36604241904
739,Mariette,Faughey,mfaugheyki@scientificamerican.com,37749312732
740,Hildagarde,Brocklebank,hbrocklebankkj@pen.io,73785246921
741,Pyotr,Klousner,pklousnerkk@discovery.com,61311597484
742,Merl,Klisch,mklischkl@reference.com,96617861241
743,Pamelina,Mingay,pmingaykm@newyorker.com,11788142812
744,Aurilia,Goodey,agoodeykn@biglobe.ne.jp,84188685687
745,Concordia,Calderhead,ccalderheadko@slideshare.net,35229154697
746,Cleveland,Epinay,cepinaykp@hud.gov,75225904255
747,Marco,Manthroppe,mmanthroppekq@imageshack.us,53131477406
748,Lester,Le Marchand,llemarchandkr@google.co.jp,67305696994
749,Currie,Dumphry,cdumphryks@cocolog-nifty.com,81372353751
750,Auria,Pretley,apretleykt@friendfeed.com,11696739617
751,Jacquelin,Hartburn,jhartburnku@facebook.com,80706413354
752,Reuven,Beadon,rbeadonkv@fastcompany.com,77422459388
753,Siusan,Ferre,sferrekw@digg.com,57368551844
754,Walden,Joist,wjoistkx@livejournal.com,84637991130
755,Ivor,Brittain,ibrittainky@chron.com,44597288993
756,Edsel,Guiu,eguiukz@mail.ru,27776901340
757,Corina,Gerger,cgergerl0@webnode.com,98023997956
758,Melicent,Poletto,mpolettol1@shop-pro.jp,15662310137
759,Dasi,Hackett,dhackettl2@stumbleupon.com,23037411973
760,Alexandre,Boycott,aboycottl3@wsj.com,59995500466
761,Luella,Earry,learryl4@so-net.ne.jp,16675663248
762,Ciel,Penlington,cpenlingtonl5@admin.ch,18714138629
763,Manon,Pratty,mprattyl6@joomla.org,80820009146
764,Jarid,Risbrough,jrisbroughl7@odnoklassniki.ru,49939484005
765,Ruggiero,Olivi,rolivil8@mozilla.com,12675884776
766,Judye,Clarycott,jclarycottl9@hao123.com,77895046172
767,Debera,Chaudret,dchaudretla@mediafire.com,90390258905
768,Lil,Aldie,laldielb@noaa.gov,05287800824
769,Dorelle,Batrip,dbatriplc@ebay.com,97518561779
770,Giovanni,Hubble,ghubbleld@bizjournals.com,02053380673
771,Georgeanne,Kitto,gkittole@sohu.com,59659306214
772,Armand,Nitti,anittilf@loc.gov,27783489537
773,Costa,Shalliker,cshallikerlg@examiner.com,16064735165
774,Breena,Gilmore,bgilmorelh@cargocollective.com,64813459100
775,Antonetta,Layfield,alayfieldli@tripadvisor.com,99638429101
776,Ekaterina,Dalgety,edalgetylj@imgur.com,28294398407
777,Marquita,Couves,mcouveslk@sitemeter.com,59124960217
778,Raeann,Thirsk,rthirskll@ebay.co.uk,36304003438
779,Kirbee,Leopard,kleopardlm@washington.edu,52981358224
780,Jerrine,Gingell,jgingellln@alibaba.com,85389440288
781,Linn,Albery,lalberylo@ucla.edu,66831760198
782,Bobby,Witherop,bwitheroplp@elegantthemes.com,30769122342
783,Robina,Freiburger,rfreiburgerlq@timesonline.co.uk,67986434226
784,Wendi,Padula,wpadulalr@github.com,19195118423
785,Brigitta,Pridden,bpriddenls@google.es,90523310014
786,Jeana,Botha,jbothalt@sourceforge.net,24199966488
787,Rodrigo,Chape,rchapelu@yahoo.co.jp,58344239020
788,Tamas,Keenan,tkeenanlv@goo.gl,04501248382
789,Oralie,Piercy,opiercylw@altervista.org,77586310625
790,Hobey,Ferrone,hferronelx@purevolume.com,50436437131
791,Adrianne,Adamowitz,aadamowitzly@google.pl,09437306150
792,Allx,Chapelhow,achapelhowlz@google.ru,25463777839
793,Halette,O'Mullally,homullallym0@booking.com,42164251836
794,Winnifred,Eayres,weayresm1@va.gov,91199673695
795,Gusty,Klimes,gklimesm2@google.es,61205510714
796,Clarissa,Yesichev,cyesichevm3@scribd.com,54448122033
797,Elena,Stranieri,estranierim4@com.com,76455160503
798,Crystal,Georgiades,cgeorgiadesm5@feedburner.com,60111363919
799,Herve,Billingsly,hbillingslym6@photobucket.com,13643039904
800,Lilla,Houtbie,lhoutbiem7@cloudflare.com,68331180510
801,Roberta,Proudman,rproudmanm8@bbc.co.uk,69269468354
802,Eustace,Worlock,eworlockm9@oakley.com,20494360664
803,Kerby,Carnilian,kcarnilianma@deliciousdays.com,09039243282
804,Junia,Lyvon,jlyvonmb@businessinsider.com,34886525298
805,Kali,Cradey,kcradeymc@163.com,11423146709
806,Vitoria,Espinosa,vespinosamd@narod.ru,67114017866
807,Janela,Lendrem,jlendremme@ftc.gov,74275544747
808,Roanne,Keane,rkeanemf@wired.com,61437304538
809,Michel,Blewitt,mblewittmg@sina.com.cn,66398134023
810,Berni,Bysh,bbyshmh@hatena.ne.jp,63369684438
811,Babs,Brinkworth,bbrinkworthmi@abc.net.au,21608934947
812,Zaria,Sambath,zsambathmj@netvibes.com,58588744179
813,Zacherie,Chadwyck,zchadwyckmk@zdnet.com,13379086397
814,Joye,Braidley,jbraidleyml@hud.gov,56035872356
815,Flossi,Robardey,frobardeymm@examiner.com,61745711729
816,Quent,Wank,qwankmn@slate.com,72521856067
817,Ly,Collough,lcolloughmo@wisc.edu,90015796551
818,Hunter,Edgehill,hedgehillmp@nhs.uk,91892423870
819,Avril,Abdey,aabdeymq@smugmug.com,88215837048
820,Jarrid,Edmondson,jedmondsonmr@nifty.com,94558013454
821,Alyse,Duffit,aduffitms@independent.co.uk,41104707474
822,Weidar,Cartmale,wcartmalemt@mtv.com,38510003635
823,Conney,Collumbine,ccollumbinemu@oaic.gov.au,78872023682
824,Roxanne,Ivimey,rivimeymv@prlog.org,64484874991
825,Tristan,Bartot,tbartotmw@w3.org,61947658892
826,Ingamar,Rospars,irosparsmx@wp.com,15550213482
827,Tome,Stoffersen,tstoffersenmy@xrea.com,69274116511
828,Wilmette,Coode,wcoodemz@nature.com,93851858741
829,Way,Leggis,wleggisn0@nasa.gov,32630444535
830,Iosep,Garrad,igarradn1@theatlantic.com,45083886704
831,John,Fullegar,jfullegarn2@si.edu,02643975305
832,Nona,Missenden,nmissendenn3@walmart.com,94177381623
833,Ann-marie,Maun,amaunn4@exblog.jp,00286012046
834,Tiphani,Thal,tthaln5@forbes.com,67160499071
835,Fayette,Hammill,fhammilln6@elegantthemes.com,38821489040
836,Tristan,Mealiffe,tmealiffen7@sun.com,32294681499
837,Lynne,Stolberger,lstolbergern8@va.gov,24844169929
838,Cammie,Minto,cminton9@vinaora.com,27998002249
839,Terrel,Hosburn,thosburnna@ftc.gov,56757175124
840,Knox,Butterwick,kbutterwicknb@hexun.com,64268975424
841,Myrwyn,Langabeer,mlangabeernc@histats.com,83003005010
842,Hillary,Kleinhaut,hkleinhautnd@discovery.com,78322388199
843,Yvonne,Jendrassik,yjendrassikne@bbc.co.uk,84740424626
844,Enrica,Solway,esolwaynf@rambler.ru,13603290056
845,Titos,Persitt,tpersittng@vk.com,90237662138
846,Elbertine,Bwye,ebwyenh@wix.com,02831789474
847,Kristal,Crellin,kcrellinni@purevolume.com,62981054051
848,Tucky,Yurasov,tyurasovnj@taobao.com,70622693649
849,Nannie,Durward,ndurwardnk@toplist.cz,47641256311
850,Gabrielle,Allflatt,gallflattnl@nbcnews.com,50699257877
851,Caryl,Fellgett,cfellgettnm@google.ca,16780349936
852,Aloise,Bourton,abourtonnn@umn.edu,51205074751
853,Durante,Peinke,dpeinkeno@storify.com,05771111344
854,Eyde,Pinchin,epinchinnp@facebook.com,96824253850
855,Rowland,Valentinetti,rvalentinettinq@jugem.jp,37561405006
856,Raquela,Ludl,rludlnr@unblog.fr,17858202232
857,Franny,Gallico,fgallicons@walmart.com,15363669309
858,Ferdinanda,Upton,fuptonnt@youtu.be,26939085109
859,Walton,Sleigh,wsleighnu@biblegateway.com,97203272664
860,Sonni,Washbrook,swashbrooknv@arizona.edu,25870948495
861,Humbert,Shankland,hshanklandnw@microsoft.com,72245814111
862,Quentin,Stourton,qstourtonnx@marketwatch.com,06091977693
863,Rorke,Merrien,rmerrienny@sciencedaily.com,40071152092
864,Dennie,Lorryman,dlorrymannz@columbia.edu,54659760120
865,Marlow,Killingsworth,mkillingswortho0@altervista.org,54969507761
866,Nataline,Wyllcocks,nwyllcockso1@istockphoto.com,66026176531
867,Teri,Byart,tbyarto2@alexa.com,15280804730
868,Consuelo,Kolakovic,ckolakovico3@ameblo.jp,84984628736
869,Kristel,Wessel,kwesselo4@un.org,82319360610
870,Sallee,MacCumiskey,smaccumiskeyo5@bizjournals.com,88336821918
871,Alphonso,Stemp,astempo6@paypal.com,03654928228
872,Nelson,Beagrie,nbeagrieo7@dropbox.com,42208781239
873,Margery,Stanion,mstaniono8@auda.org.au,63753080735
874,Waverley,Archbould,warchbouldo9@shutterfly.com,77814255103
875,Antoine,Scudders,ascuddersoa@yellowbook.com,37865437043
876,Enrica,Jennaroy,ejennaroyob@stumbleupon.com,90696209732
877,Pooh,Hinckes,phinckesoc@msn.com,25825347476
878,Tessie,Chritchley,tchritchleyod@nationalgeographic.com,21384777852
879,Umberto,Caird,ucairdoe@wp.com,60947740291
880,Wayne,Nail,wnailof@theatlantic.com,95151010785
881,Mel,Gullen,mgullenog@liveinternet.ru,56948704704
882,Darryl,Albisser,dalbisseroh@shareasale.com,46263322783
883,Winifred,Conn,wconnoi@google.es,85141675083
884,Zarla,Nurse,znurseoj@amazon.de,37031590244
885,Daisie,Priter,dpriterok@istockphoto.com,87349046016
886,Davie,Norssister,dnorssisterol@aol.com,89396378329
887,Portie,Hallewell,phallewellom@flavors.me,17671984989
888,Waldo,Hammerman,whammermanon@ask.com,60194597491
889,Sharl,Allnatt,sallnattoo@howstuffworks.com,90540143977
890,Idell,Thay,ithayop@eepurl.com,23088713086
891,Starlene,Catmull,scatmulloq@biglobe.ne.jp,61674419603
892,Koressa,Buckingham,kbuckinghamor@topsy.com,25934330151
893,Hortense,Deeman,hdeemanos@51.la,52089924686
894,Eudora,Iacovaccio,eiacovaccioot@google.de,41780887679
895,Dominik,Ambroziak,dambroziakou@ezinearticles.com,19302771545
896,Lauryn,Cridge,lcridgeov@narod.ru,16140196488
897,Mada,Brasener,mbrasenerow@quantcast.com,41676954949
898,Cullie,Bisseker,cbissekerox@etsy.com,89913770669
899,Laureen,Floyd,lfloydoy@storify.com,61318057478
900,Jonas,McCullagh,jmccullaghoz@cornell.edu,99199891662
901,Dniren,Halley,dhalleyp0@timesonline.co.uk,27634372962
902,Peterus,Olechnowicz,polechnowiczp1@nyu.edu,84544330906
903,Jenn,Landis,jlandisp2@discuz.net,50382802652
904,Collie,Rowdell,crowdellp3@gizmodo.com,02630600539
905,Sue,Ahrenius,sahreniusp4@ebay.com,33655081437
906,Elvin,Spreckley,espreckleyp5@npr.org,34827671798
907,Tove,Jesse,tjessep6@jimdo.com,74093497403
908,Melisent,Pulster,mpulsterp7@sitemeter.com,86814443226
909,Lisa,Swinerd,lswinerdp8@nps.gov,87193887669
910,Glendon,Worrill,gworrillp9@businessweek.com,97520469645
911,Erda,Aspden,easpdenpa@jalbum.net,13924832704
912,Tobye,Khotler,tkhotlerpb@wordpress.com,04367566428
913,Warden,Deeson,wdeesonpc@smugmug.com,16856399481
914,Lucille,Ashborne,lashbornepd@vinaora.com,45364174006
915,Dorisa,Rubroe,drubroepe@chicagotribune.com,56664076924
916,Cosme,Styche,cstychepf@loc.gov,93303548723
917,Zaria,Braune,zbraunepg@mysql.com,78425195318
918,Jere,Cakes,jcakesph@yahoo.com,38845174513
919,Angelique,Foystone,afoystonepi@gizmodo.com,24486856628
920,Britteny,Chansonne,bchansonnepj@tamu.edu,87183721468
921,Fletcher,Lubomirski,flubomirskipk@devhub.com,26779420810
922,Jill,Mateu,jmateupl@cocolog-nifty.com,90048258305
923,Casi,Radleigh,cradleighpm@nps.gov,94106776006
924,Vivianne,McGreal,vmcgrealpn@economist.com,54988988213
925,Etienne,Summerside,esummersidepo@nih.gov,18388471357
926,Rollin,Davson,rdavsonpp@joomla.org,79673249033
927,Wendi,Bogart,wbogartpq@free.fr,43887992710
928,Guthry,Chick,gchickpr@imgur.com,38460737703
929,Nelle,Toplis,ntoplisps@live.com,49452941788
930,Georgi,Mion,gmionpt@sakura.ne.jp,86029419101
931,Marietta,Hove,mhovepu@t.co,99672656383
932,Gustave,Conneau,gconneaupv@youku.com,92084803268
933,Yelena,Rookwell,yrookwellpw@intel.com,48395027344
934,Jessie,Agge,jaggepx@mapy.cz,08463134528
935,Donny,Shiels,dshielspy@ucla.edu,62561534863
936,Esdras,Veart,eveartpz@squidoo.com,79739233525
937,Vanna,Caulwell,vcaulwellq0@ovh.net,74599018278
938,Gaby,Swansbury,gswansburyq1@so-net.ne.jp,83284066226
939,Kerstin,Haslam,khaslamq2@answers.com,11811685458
940,Port,O'Driscoll,podriscollq3@weebly.com,61416249736
941,Earlie,Crummay,ecrummayq4@topsy.com,26220669300
942,Chan,Stanton,cstantonq5@uol.com.br,50282911653
943,Tommie,Kopec,tkopecq6@freewebs.com,73375316290
944,Kirbie,Girone,kgironeq7@studiopress.com,10671582932
945,Timmy,Osbourne,tosbourneq8@merriam-webster.com,24512130286
946,Mordecai,Maplethorp,mmaplethorpq9@chronoengine.com,56220674247
947,Robbie,Worton,rwortonqa@npr.org,76385127878
948,Artemus,Millier,amillierqb@bbb.org,22817642443
949,Cheslie,Foucard,cfoucardqc@icio.us,13330373465
950,Nahum,Tomaszewicz,ntomaszewiczqd@seesaa.net,54859949140
951,Roseanne,Chadderton,rchaddertonqe@oakley.com,93613845290
952,Cicely,Favelle,cfavelleqf@istockphoto.com,72508623873
953,Winthrop,Schuelcke,wschuelckeqg@skyrock.com,48849519618
954,Shea,Grzelewski,sgrzelewskiqh@psu.edu,61061009164
955,Dixie,Akaster,dakasterqi@ezinearticles.com,44480848859
956,Naomi,Earp,nearpqj@rambler.ru,66794200406
957,Tiffi,Meins,tmeinsqk@blogtalkradio.com,70039053425
958,Elsi,Gladyer,egladyerql@behance.net,15664531094
959,Marena,Rockwill,mrockwillqm@edublogs.org,55430285435
960,Celia,Ech,cechqn@narod.ru,90632280168
961,Orrin,Mangenot,omangenotqo@wunderground.com,51127714787
962,Gustie,Blackmore,gblackmoreqp@webeden.co.uk,97047020302
963,Bryn,Clackers,bclackersqq@mashable.com,50530483632
964,Jimmie,Stansbury,jstansburyqr@bloglines.com,47073682083
965,Rosana,Van Der Vlies,rvandervliesqs@disqus.com,31622091136
966,Pooh,Pocke,ppockeqt@discovery.com,18002838606
967,Janaye,Abade,jabadequ@virginia.edu,79444760317
968,Felicia,O'Kinneally,fokinneallyqv@gizmodo.com,25343042122
969,Ginny,Eggers,geggersqw@java.com,60916032323
970,Tirrell,Murrie,tmurrieqx@dmoz.org,97011141263
971,Wrennie,Goublier,wgoublierqy@hexun.com,93905794428
972,Carney,Chestney,cchestneyqz@google.fr,38191533968
973,Dinah,Lalor,dlalorr0@hibu.com,73082731879
974,Daphna,Rostern,drosternr1@51.la,56970377219
975,Adelina,Iscowitz,aiscowitzr2@go.com,48709773979
976,Dew,Partlett,dpartlettr3@symantec.com,02050358684
977,Kalinda,Prevett,kprevettr4@skype.com,94654361332
978,Jemmie,Pearcey,jpearceyr5@wordpress.com,41193285705
979,Louis,Lester,llesterr6@bing.com,13381627480
980,Modestine,Lude,mluder7@cdbaby.com,38861401545
981,Paquito,Idel,pidelr8@dmoz.org,90684423137
982,Jeri,Dallender,jdallenderr9@xing.com,99599873655
983,Jakie,Giffaut,jgiffautra@cnet.com,67371344724
984,Curry,Rickhuss,crickhussrb@discuz.net,28163600808
985,Mord,Aukland,mauklandrc@zimbio.com,79220730329
986,Lorraine,Downing,ldowningrd@weebly.com,33911985624
987,Kerrie,Broader,kbroaderre@addtoany.com,99586584238
988,Barr,Paunton,bpauntonrf@house.gov,32184579879
989,Michale,Djekovic,mdjekovicrg@microsoft.com,16402406257
990,Catha,Rumford,crumfordrh@microsoft.com,69944727375
991,Beatrisa,Hars,bharsri@last.fm,25791014950
992,Carlie,Bermingham,cberminghamrj@columbia.edu,58983423668
993,Tori,Hens,thensrk@meetup.com,24108476110
994,Remington,Elis,relisrl@hostgator.com,98527761313
995,Bruce,Shurrock,bshurrockrm@ehow.com,44371133141
996,Mateo,Bartod,mbartodrn@cafepress.com,78300428057
997,Taryn,Stiffkins,tstiffkinsro@comcast.net,62055350932
998,Patrizius,Chicken,pchickenrp@barnesandnoble.com,71118819186
999,Ahmad,Reubens,areubensrq@webnode.com,57493647067
1000,Case,Yapp,cyapprr@google.com.hk,75513608390
